Link,Tipo,Legenda,Hashtags
https://assets.cdn.filesafe.space/MR3yMqtdBa4732pi4ZCw/media/699caebf21455f64bd7d6d59.png,Post único,Transforme seu negócio com estratégias digitais inovadoras! 🚀 #CalazansLumina,"#marketingdigital #negocios #inovacao #calazanslumina #instagramtips"
https://assets.cdn.filesafe.space/MR3yMqtdBa4732pi4ZCw/media/699caebfd35cf44cd41d36b8.png,Carrossel,Aprenda os segredos do Instagram para crescer de verdade! Swipe para dicas exclusivas. 👇,"#instagramgrowth #dicasinstagram #calazanslumina #carrossel #socialmedia"
https://assets.cdn.filesafe.space/MR3yMqtdBa4732pi4ZCw/media/699caebf340118d8809e009b.png,Post único,O sucesso começa com uma atitude positiva. Inspire-se e conquiste seus objetivos!,"#motivacao #sucesso #empreendedorismo #calazanslumina #instagramtips"
https://assets.cdn.filesafe.space/MR3yMqtdBa4732pi4ZCw/media/699caebf590acb023eca81df.png,Data comemorativa,Hoje celebramos um momento especial! Compartilhe e marque quem faz parte dessa história.,"#datascomemorativas #calazanslumina #eventos #instagramtips"
https://assets.cdn.filesafe.space/MR3yMqtdBa4732pi4ZCw/media/699caebf21455fcb3d7d6d60.png,Post único,Sua jornada digital começa aqui. Conte com a Calazans Lumina para crescer online!,"#marketingdigital #calazanslumina #negocios #instagramtips"
https://assets.cdn.filesafe.space/MR3yMqtdBa4732pi4ZCw/media/699caebf1001a508f0e96b8b.png,Carrossel,Descubra como potencializar seu Instagram com estratégias que funcionam! Swipe para ver.,"#dicasinstagram #carrossel #calazanslumina #socialmedia #instagramtips"
https://assets.cdn.filesafe.space/MR3yMqtdBa4732pi4ZCw/media/699caebf340118a59f9e009f.png,Post único,Aprenda a usar o Instagram para impulsionar seu negócio. Conheça nossas dicas!,"#instagramparaempresas #calazanslumina #marketingdigital #instagramtips"
https://assets.cdn.filesafe.space/MR3yMqtdBa4732pi4ZCw/media/699caebf5dfd50b3b3898d17.png,Carrossel,Motivação diária para empreendedores! Swipe e inspire-se com nossas frases.,"#motivacao #carrossel #empreendedorismo #calazanslumina #instagramtips"
https://assets.cdn.filesafe.space/MR3yMqtdBa4732pi4ZCw/media/699caebf1001a51dfce96b8c.png,Post único,Calazans Lumina: sua parceira na transformação digital. Vamos juntos!,"#calazanslumina #transformacaodigital #marketingdigital #instagramtips"
https://assets.cdn.filesafe.space/MR3yMqtdBa4732pi4ZCw/media/699caebf1001a5072ee96b8a.png,Carrossel,Conheça as melhores práticas para crescer no Instagram. Swipe para aprender!,"#instagramgrowth #carrossel #calazanslumina #dicasinstagram #instagramtips"
https://assets.cdn.filesafe.space/MR3yMqtdBa4732pi4ZCw/media/699caebf590acbc599ca81e0.png,Post único,A inovação é o caminho para o sucesso digital. Venha para a Calazans Lumina!,"#inovacao #calazanslumina #marketingdigital #negocios #instagramtips"
https://assets.cdn.filesafe.space/MR3yMqtdBa4732pi4ZCw/media/699caebf590acbf6ebca81e1.png,Carrossel,Dicas práticas para impulsionar seu Instagram. Swipe e descubra!,"#dicasinstagram #carrossel #calazanslumina #socialmedia #instagramtips"
https://assets.cdn.filesafe.space/MR3yMqtdBa4732pi4ZCw/media/699caebf21455f46427d6d62.png,Data comemorativa,Hoje é dia de celebrar conquistas! Compartilhe esse momento especial.,"#datascomemorativas #calazanslumina #celebracao #instagramtips"
https://assets.cdn.filesafe.space/MR3yMqtdBa4732pi4ZCw/media/699caebf21455f3d9c7d6d64.png,Post único,Acredite no seu potencial e conquiste o impossível!,"#motivacao #calazanslumina #empreendedorismo #instagramtips"
https://assets.cdn.filesafe.space/MR3yMqtdBa4732pi4ZCw/media/699caebf21455fda587d6d63.png,Data comemorativa,Uma data especial merece ser lembrada. Marque quem faz parte dessa história!,"#datascomemorativas #calazanslumina #eventos #instagramtips"
https://assets.cdn.filesafe.space/MR3yMqtdBa4732pi4ZCw/media/699caebf37308051a586ff96.png,Carrossel,Aprenda com quem entende do assunto! Swipe para dicas valiosas.,"#educacao #carrossel #calazanslumina #dicasinstagram #instagramtips"
https://assets.cdn.filesafe.space/MR3yMqtdBa4732pi4ZCw/media/699caebfd35cf486bc1d36bc.png,Post único,Calazans Lumina: sua referência em marketing digital.,"#calazanslumina #marketingdigital #negocios #instagramtips"
https://assets.cdn.filesafe.space/MR3yMqtdBa4732pi4ZCw/media/699caec021455f0ceb7d6d73.png,Carrossel,Motivação para empreender! Swipe e inspire-se com nossas frases.,"#motivacao #carrossel #empreendedorismo #calazanslumina #instagramtips"
https://assets.cdn.filesafe.space/MR3yMqtdBa4732pi4ZCw/media/699caec05dfd5069f7898d33.png,Post único,Destaque-se no Instagram com estratégias inteligentes. Saiba como!,"#estrategia #calazanslumina #marketingdigital #instagramtips"
https://assets.cdn.filesafe.space/MR3yMqtdBa4732pi4ZCw/media/699caebf5dfd504cb2898d0d.png,Carrossel,Dicas exclusivas para transformar seu Instagram. Swipe para conferir!,"#dicasinstagram #carrossel #calazanslumina #socialmedia #instagramtips"
https://assets.cdn.filesafe.space/MR3yMqtdBa4732pi4ZCw/media/699caec021455fd9107d6d72.png,Data comemorativa,Celebre o dia especial com a Calazans Lumina! Compartilhe e marque quem faz parte dessa história.,"#datascomemorativas #calazanslumina #celebracao #instagramtips"
https://assets.cdn.filesafe.space/MR3yMqtdBa4732pi4ZCw/media/699caebfd35cf478d11d36bd.png,Post único,Sua presença digital merece destaque. Conte com a Calazans Lumina!,"#calazanslumina #marketingdigital #negocios #instagramtips"
https://assets.cdn.filesafe.space/MR3yMqtdBa4732pi4ZCw/media/699caec0e54a37ca1c2d8bba.png,Carrossel,Dicas para transformar seu Instagram em uma máquina de vendas. Swipe para conferir!,"#dicasinstagram #carrossel #calazanslumina #instagramtips #vendas"
https://assets.cdn.filesafe.space/MR3yMqtdBa4732pi4ZCw/media/699caebfd0716b6ba443e55a.png,Post único,Acredite no seu potencial e conquiste o impossível!,"#motivacao #calazanslumina #empreendedorismo #instagramtips"
https://assets.cdn.filesafe.space/MR3yMqtdBa4732pi4ZCw/media/699caebf3730804dd986ff91.png,Carrossel,Aprenda com quem entende do assunto! Swipe para dicas valiosas.,"#educacao #carrossel #calazanslumina #dicasinstagram #instagramtips"
https://assets.cdn.filesafe.space/MR3yMqtdBa4732pi4ZCw/media/699caebfa0830294d0b7761e.png,Post único,Calazans Lumina: sua referência em marketing digital.,"#calazanslumina #marketingdigital #negocios #instagramtips"
https://assets.cdn.filesafe.space/MR3yMqtdBa4732pi4ZCw/media/699caebf5dfd506a34898d1b.png,Carrossel,Dicas exclusivas para transformar seu Instagram. Swipe para conferir!,"#dicasinstagram #carrossel #calazanslumina #socialmedia #instagramtips"
https://assets.cdn.filesafe.space/MR3yMqtdBa4732pi4ZCw/media/699caebf1001a5b2f6e96b8d.png,Post único,Calazans Lumina: sua parceira na transformação digital. Vamos juntos!,"#calazanslumina #transformacaodigital #marketingdigital #instagramtips"
https://assets.cdn.filesafe.space/MR3yMqtdBa4732pi4ZCw/media/699caec01001a50121e96ba5.png,Carrossel,Conheça as melhores práticas para crescer no Instagram. Swipe para aprender!,"#instagramgrowth #carrossel #calazanslumina #dicasinstagram #instagramtips"
https://assets.cdn.filesafe.space/MR3yMqtdBa4732pi4ZCw/media/699caebf1001a51051e96b8e.png,Post único,Calazans Lumina: sua referência em marketing digital.,"#calazanslumina #marketingdigital #negocios #instagramtips"
https://assets.cdn.filesafe.space/MR3yMqtdBa4732pi4ZCw/media/699caec05dfd5069ad898d34.png,Carrossel,Dicas para impulsionar seu Instagram. Swipe para aprender!,"#dicasinstagram #carrossel #calazanslumina #instagramtips #socialmedia"
https://assets.cdn.filesafe.space/MR3yMqtdBa4732pi4ZCw/media/699caebfe54a37ce552d8ba0.png,Post único,Calazans Lumina: sua referência em marketing digital.,"#calazanslumina #marketingdigital #negocios #instagramtips"
https://assets.cdn.filesafe.space/MR3yMqtdBa4732pi4ZCw/media/699caebf3401184f779e00a0.png,Post único,Acredite no seu potencial e conquiste o impossível!,"#motivacao #calazanslumina #empreendedorismo #instagramtips"
https://assets.cdn.filesafe.space/MR3yMqtdBa4732pi4ZCw/media/699caec0d0716b62c643e55e.png,Data comemorativa,Hoje é dia de celebrar conquistas! Compartilhe esse momento especial.,"#datascomemorativas #calazanslumina #celebracao #instagramtips"
https://assets.cdn.filesafe.space/MR3yMqtdBa4732pi4ZCw/media/699caec0d0716bc46a43e589.png,Post único,Sua presença digital merece destaque. Conte com a Calazans Lumina!,"#calazanslumina #marketingdigital #negocios #instagramtips"
https://assets.cdn.filesafe.space/MR3yMqtdBa4732pi4ZCw/media/699caec0e54a3799992d8bb5.png,Carrossel,Aprenda com quem entende do assunto! Swipe para dicas valiosas.,"#educacao #carrossel #calazanslumina #dicasinstagram #instagramtips"
https://assets.cdn.filesafe.space/MR3yMqtdBa4732pi4ZCw/media/699caebf373080c3da86ff92.png,Post único,Calazans Lumina: sua referência em marketing digital.,"#calazanslumina #marketingdigital #negocios #instagramtips"
https://assets.cdn.filesafe.space/MR3yMqtdBa4732pi4ZCw/media/699caec03730809a8986ffc5.png,Carrossel,Dicas exclusivas para transformar seu Instagram. Swipe para conferir!,"#dicasinstagram #carrossel #calazanslumina #socialmedia #instagramtips"
https://assets.cdn.filesafe.space/MR3yMqtdBa4732pi4ZCw/media/699caec034011811ad9e00b3.png,Post único,Calazans Lumina: sua parceira na transformação digital. Vamos juntos!,"#calazanslumina #transformacaodigital #marketingdigital #instagramtips"
https://assets.cdn.filesafe.space/MR3yMqtdBa4732pi4ZCw/media/699caebfe54a3774132d8b99.png,Carrossel,Conheça as melhores práticas para crescer no Instagram. Swipe para aprender!,"#instagramgrowth #carrossel #calazanslumina #dicasinstagram #instagramtips"
https://assets.cdn.filesafe.space/MR3yMqtdBa4732pi4ZCw/media/699caebfd0716b493b43e555.png,Post único,Calazans Lumina: sua referência em marketing digital.,"#calazanslumina #marketingdigital #negocios #instagramtips"
https://assets.cdn.filesafe.space/MR3yMqtdBa4732pi4ZCw/media/699caec05dfd50226e898d35.png,Carrossel,Dicas exclusivas para transformar seu Instagram. Swipe para conferir!,"#dicasinstagram #carrossel #calazanslumina #socialmedia #instagramtips"
https://assets.cdn.filesafe.space/MR3yMqtdBa4732pi4ZCw/media/699caec0d0716b16e343e562.png,Data comemorativa,Hoje é dia de celebrar conquistas! Compartilhe esse momento especial.,"#datascomemorativas #calazanslumina #celebracao #instagramtips"
https://assets.cdn.filesafe.space/MR3yMqtdBa4732pi4ZCw/media/699caebfa083023661b7761f.png,Post único,Sua presença digital merece destaque. Conte com a Calazans Lumina!,"#calazanslumina #marketingdigital #negocios #instagramtips"
https://assets.cdn.filesafe.space/MR3yMqtdBa4732pi4ZCw/media/699caec7d35cf4abff1d3933.png,Carrossel,Conheça as melhores práticas para crescer no Instagram. Swipe para aprender!,"#instagramgrowth #carrossel #calazanslumina #dicasinstagram #instagramtips"
